N,covariance,graph_mst,optimizer
10,0.0002781669991236413,0.0001871250005933689,0.8986076249984762
20,0.00032137500056705903,0.0015323750012612436,0.732166125000731
40,0.0007272909988387255,0.0010873749997699633,1.6226551250001648
80,0.0005280000004859176,0.003975208999690949,1.9609638749989244
120,0.010411084000224946,0.008888292000847287,34.5885121249994
