N,covariance,graph_mst,optimizer
10,0.00033520800025144126,0.0001730839994706912,0.8897490419985843
20,0.00032300000020768493,0.0015195830001175636,0.7442866659985157
40,0.0008180410004570149,0.001302291999309091,1.6015255419988534
80,0.0005273750011838274,0.003993457999968086,1.9804402909994678
120,0.0017967500007216586,0.009267624998756219,62.81865433300118
