N,covariance,graph_mst,optimizer
10,0.00026470900047570467,0.000255375000051572,0.9431667910012038
20,0.0003909579991159262,0.0016522919995622942,0.7364775829992141
40,0.0007392919997073477,0.0010827500009327196,1.6290588749998278
80,0.0006500829986180179,0.003963083001508494,1.9129759589995956
120,0.0035528750013327226,0.009053665999090299,43.451580417000514
