N,covariance,graph_mst,optimizer
10,0.0004210420011077076,0.0003219169993826654,0.9421206249990064
20,0.0003332500000396976,0.0005004579998058034,0.7025368330014317
40,0.0005514589993254049,0.011199624999790103,1.852060375000292
80,0.0005426250008895295,0.004104665998966084,2.0077826249998907
120,0.0006675829990854254,0.009185750001051929,210.28220574999978
