N,covariance,graph_mst,optimizer
10,0.00045558400051959325,0.00032933399961621035,0.9100190000008297
20,0.0005147920001036255,0.00041199999941454735,0.7153161660007754
40,0.0004924579989165068,0.001651459000640898,1.6612818329995207
80,0.001063332998455735,0.0055020409999997355,1.9358837090003362
120,0.0007948339989525266,0.012773832999300794,136.07894874999874
